<!--

  This program is free software; you can redistribute it and/or modify
  it under the terms of the GNU General Public License as published by
  the Free Software Foundation; either version 2 of the License, or
  (at your option) any later version.

  This program is distributed in the hope that it will be useful,
  but WITHOUT ANY WARRANTY; without even the implied warranty of
  MERCHANTABILITY or FITNESS FOR A PARTICULAR PURPOSE.  See the
  GNU General Public License for more details.

  You should have received a copy of the GNU General Public License
  along with this program; if not, write to the Free Software
  Foundation, Inc., 59 Temple Place, Suite 330, Boston, MA  02111-1307  USA

 (c)Copyright 2006 Hewlett-Packard Development Company, LP.

-->
<!--

<init>
     <=== CER
	 ===> CEA
</init>

<traffic>
	 <=== UAR
	 ===> UAA
	 
	 <=== MAR
	 ===> MAA
	 
	 <=== UAR
	 ===> UAA
	 
	 <=== SAR
	 ===> SAA
</traffic>

	 DWR/DWA

-->


<?xml version="1.0" encoding="ISO-8859-1" ?>
<scenario>

<init>
  <receive channel="channel-1">
    <command name="CER">
    </command>
    <action>
	  <store name="HbH" entity="HbH-id"> </store>
      <store name="E2E" entity="EtE-id"> </store>
      <store name="ven" entity="Vendor-Id"> </store>
    </action>
  </receive>
  
  <send channel="channel-1">
    <action>
      <restore name="HbH" entity="HbH-id"> </restore>
      <restore name="E2E" entity="EtE-id"> </restore>
    </action>
    <command name="CEA">
      <avp name="Result-Code" value="2001"> </avp>
      <avp name="Origin-Host" value="hss.mnc001.mcc208.3gppnetwork.org"> </avp>
      <avp name="Origin-Realm" value="scscf.mnc001.mcc208.3gppnetwork.org"> </avp>
      <avp name="Host-IP-Address" value="0xad10610b"> </avp>  <!-- 173.16.97.11 -->
      <avp name="Vendor-Id" value="10415"> </avp>
      <avp name="Product-Name" value="Oracle-HSS"> </avp>
      <avp name="Firmware-Revision" value="1"> </avp>    
    </command>
  </send>
</init>

<traffic>
  <!-- Step 1, 3: Processing UAR and responding with UAA -->
  <receive channel="channel-1">
    <command name="UAR">
      <!-- Only need to specify what needs to be parsed -->
      <avp name="Session-Id" value="dont_care"> </avp>
    </command>
    <!-- Store action is at the end of the command -->
    <action>
      <store name="HbH" entity="HbH-id"></store>
      <store name="E2E" entity="EtE-id"></store>
      <store name="sid" entity="Session-Id"></store>
      <store name="DestHost" entity="Destination-Host"></store>
      <store name="DestRealm" entity="Destination-Realm"></store>
    </action>
  </receive>  

  <send channel="channel-1">
    <!-- Restore action is before the command -->
    <action>
      <restore name="HbH" entity="HbH-id"> </restore>
      <restore name="E2E" entity="EtE-id"> </restore>
      <restore name="sid" entity="Session-Id"> </restore>
      <restore name="DestHost" entity="Origin-Host"> </restore>
      <restore name="DestRealm" entity="Origin-Realm"> </restore>
    </action>

    <command name="UAA">
      <avp name="Session-Id" value="will_be_erased"> </avp>
      <avp name="Origin-Host" value="will_be_erased"> </avp>
      <avp name="Origin-Realm" value="will_be_erased"> </avp>
      <avp name="Auth-Session-State" value="1"> </avp>  <!-- NO_STATE_MAINTAINED (1) -->
	  <avp name="Vendor-Specific-Application-Id">
        <avp name="Vendor-Id" value="10415"> </avp>
        <avp name="Auth-Application-Id" value="16777216"> </avp>
<!--    <avp name="Acct-Application-Id" value="0"> </avp>  -->
      </avp>
<!--	  
	  <avp name="Server-Capabilities">
        <avp name="Optional-Capability" value="0"> </avp>
        <avp name="Server-Name" value="sip:scscf.open-ims.test:6060"> </avp>  
      </avp>
-->
      <avp name="Experimental-Result">
        <avp name="Vendor-Id" value="10415"> </avp>
<!--    <avp name="Result-Code" value="2001"> </avp>    -->
        <avp name="Experimental-Result-Code" value="2001"> </avp>       <!-- Experimental-Result-Code: DIAMETER_FIRST_REGISTRATION (2001) -->
      </avp>
    </command>
  </send>
  
  
  <!-- Step 2: Processing MAR and responding with MAA -->
  <receive channel="channel-1">
    <command name="MAR">
      <!-- Only need to specify what needs to be parsed -->
      <avp name="Session-Id" value="dont_care"> </avp>
    </command>
    <!-- Store action is at the end of the command -->
    <action>
      <store name="HbH" entity="HbH-id"> </store>
      <store name="E2E" entity="EtE-id"> </store>
      <store name="sid" entity="Session-Id"> </store>
      <store name="DestHost" entity="Destination-Host"> </store>
      <store name="DestRealm" entity="Destination-Realm"> </store>
      <store name="PubId" entity="Public-Identity"> </store>
      <store name="username" entity="User-Name"> </store>
    </action>
  </receive>  

  <send channel="channel-1">
    <!-- Restore action is before the command -->
    <action>
      <restore name="HbH" entity="HbH-id"> </restore>
      <restore name="E2E" entity="EtE-id"> </restore>
      <restore name="sid" entity="Session-Id"> </restore>
      <restore name="DestHost" entity="Origin-Host"> </restore>
      <restore name="DestRealm" entity="Origin-Realm"> </restore>
      <restore name="PubId" entity="Public-Identity"> </restore>
      <restore name="username" entity="User-Name"> </restore>
      <restore name="DestRealm" entity="Digest-Realm"> </restore>
<!--     <set-value name="Digest-HA1" method="authenticationDiameter" format="username=$(username);realm=$(DestRealm);password=12345"></set-value>

  <set-value name="Digest-HA1" method="authenticationSip" 
					format="username=alice;password=12345;auth=Digest realm=\"open-ims.test\", algorithm=MD5;method=REGISTER;uri=sip:testuri.com"></set-value> -->
  <set-value name="Digest-AKA" method="authenticationDiameterAKA"
					format="username=$(username);aka_op=0xCDC202D5123E20F62B6D676AC72CB318;aka_k=0x465B5CE8B199B49FAA5F0A2EE238A6BC;password=12345;aka_amf=0xB9B9;auth=Digest-AKAv1-MD5;sqn=000001"></set-value> 

    </action>

    <command name="MAA">
      <avp name="Session-Id" value="will_be_erased"> </avp>
      <avp name="Origin-Host" value="will_be_erased"> </avp>
      <avp name="Origin-Realm" value="will_be_erased"> </avp>
      <avp name="Auth-Session-State" value="1"> </avp>  <!-- NO_STATE_MAINTAINED (1) -->
      <avp name="Result-Code" value="2001"> </avp>  <!-- DIAMETER_FIRST_REGISTRATION (2001) -->
      <avp name="Vendor-Specific-Application-Id">
        <avp name="Vendor-Id" value="10415"> </avp>
        <avp name="Auth-Application-Id" value="16777216"> </avp>
<!--    <avp name="Acct-Application-Id" value="0"> </avp>  -->
      </avp>
      <avp name="Public-Identity" value="will_be_erased"> </avp>
      <avp name="User-Name" value="will_be_erased"> </avp>
      <avp name="SIP-Number-Auth-Items" value="1"> </avp>

      <avp name="SIP-Auth-Data-Item">
        <avp name="SIP-Item-Number" value="1"> </avp>
        <avp name="SIP-Authentication-Scheme" value="Digest-AKAv1-MD5"> </avp>
        <avp name="SIP-Authenticate" value="0x78af160f8a78c83fb4e51be0a4fbaf3e45492c90c34fb9b99ea9fd493ec720dd"> </avp>
        <avp name="SIP-Authorization" value="0x75fe6957768ef6f2"> </avp>
        <avp name="Confidentiality-Key" value="0xe1dc3645e6b39e082ca41ff133251e5c"> </avp>
        <avp name="Integrity-Key" value="0xa503266894e8ae6e823fe84fb982f2ac"> </avp>

      </avp>
<!--
      <avp name="SIP-Auth-Data-Item">
        <avp name="SIP-Item-Number" value="2"> </avp>
        <avp name="SIP-Authentication-Scheme" value="Digest-AKAv1-MD5"> </avp>
        <avp name="SIP-Authenticate" value="4b3cfc305c9a65858e7fb2f60c2d9e7f7dac406ffc1db9b9ae83b4207aed9fde"> </avp>
        <avp name="SIP-Authorization" value="e04b877ad5fd04d2"> </avp>
        <avp name="Confidentiality-Key" value="5f49c404a4d2e86bdb57990347934502"> </avp>
        <avp name="Integrity-Key" value="4526452b744e878fe3cd775e196c1a1a"> </avp>

      </avp>
      <avp name="SIP-Auth-Data-Item">
        <avp name="SIP-Item-Number" value="3"> </avp>
        <avp name="SIP-Authentication-Scheme" value="Digest-AKAv1-MD5"> </avp>
        <avp name="SIP-Authenticate" value="708f3ddf11e8b8d1c2b9afc4b582461fd09d3265ec09b9b947b5972707b4832e"> </avp>
        <avp name="SIP-Authorization" value="e9bc73484d1932e2"> </avp>
        <avp name="Confidentiality-Key" value="0e3d7feed8ea281c95c2cbccf00faf1b"> </avp>
        <avp name="Integrity-Key" value="2f13dec4fa8dd51b248cff121b2341fc"> </avp>
      </avp>
-->
<!--
        <avp name="SIP-Digest-Authenticate">
	  <avp name="Digest-HA1" value="will_be_erased"> </avp>			
	  <avp name="Digest-Realm" value="will_be_erased"> </avp>
        </avp>
-->

    </command>
  </send>  
  
</traffic> 
  
 <default> 
  <!-- Step 4: Processing SAR and responding with SAA -->
  <receive channel="channel-1">
    <command name="SAR">
      <!-- Only need to specify what needs to be parsed -->
      <avp name="Session-Id" value="dont_care"> </avp>
    </command>
    <!-- Store action is at the end of the command -->
    <action>
      <store name="HbH" entity="HbH-id"></store>
      <store name="E2E" entity="EtE-id"></store>
      <store name="sid" entity="Session-Id"></store>
      <store name="DestHost" entity="Destination-Host"></store>
      <store name="DestRealm" entity="Destination-Realm"></store>
      <store name="username" entity="User-Name"> </store>
      <store name="pub-Identity" entity="Public-Identity"> </store>
    </action>
  </receive>
  
  <send channel="channel-1">
    <!-- Restore action is before the command -->
    <action>
      <restore name="HbH" entity="HbH-id"> </restore>
      <restore name="E2E" entity="EtE-id"> </restore>
      <restore name="sid" entity="Session-Id"> </restore>
      <restore name="DestHost" entity="Origin-Host"> </restore>
      <restore name="DestRealm" entity="Origin-Realm"> </restore>
      <restore name="username" entity="User-Name"> </restore>
      <set-value name="Cx-User-Data" format="<?xml version=\"1.0\" encoding=\"UTF-8\"?><IMSSubscription><PrivateID>$(username)</PrivateID><ServiceProfile><PublicIdentity><BarringIndication>0</BarringIndication><Identity>$(pub-Identity)</Identity><Extension><IdentityType>0</IdentityType></Extension></PublicIdentity><PublicIdentity><BarringIndication>0</BarringIndication><Identity>tel:+44610300000</Identity><Extension><IdentityType>0</IdentityType></Extension></PublicIdentity><PublicIdentity><BarringIndication>1</BarringIndication><Identity>$(pub-Identity)</Identity><Extension><IdentityType>0</IdentityType></Extension></PublicIdentity><CoreNetworkServicesAuthorization><SubscribedMediaProfileId>1</SubscribedMediaProfileId><Extension><ListOfServiceIds><ServiceId>1</ServiceId></ListOfServiceIds></Extension></CoreNetworkServicesAuthorization><InitialFilterCriteria><Priority>1</Priority><TriggerPoint><ConditionTypeCNF>1</ConditionTypeCNF><SPT><ConditionNegated>0</ConditionNegated><Group>0</Group><Method>INVITE</Method></SPT></TriggerPoint><ApplicationServer><ServerName>sip:193.252.231.160:5060</ServerName><DefaultHandling>0</DefaultHandling><ServiceInfo>Busy</ServiceInfo></ApplicationServer><ProfilePartIndicator>0</ProfilePartIndicator></InitialFilterCriteria></ServiceProfile></IMSSubscription>"> </set-value>

    </action>

    <command name="SAA">
      <avp name="Session-Id" value="will_be_erased"> </avp>
      <avp name="Origin-Host" value="will_be_erased"> </avp>
      <avp name="Origin-Realm" value="will_be_erased"> </avp>
      <avp name="Auth-Session-State" value="1"> </avp>  <!-- NO_STATE_MAINTAINED (1) -->
      <avp name="Vendor-Specific-Application-Id">
        <avp name="Vendor-Id" value="10415"></avp>
        <avp name="Auth-Application-Id" value="16777216"></avp>
       <!--  <avp name="Acct-Application-Id" value="0"></avp>   -->
      </avp>
      <avp name="User-Name" value="will_be_erased"> </avp>
      <avp name="Cx-User-Data" value="value_is_replaced"> </avp>
      <avp name="Result-Code" value="2001"> </avp>
    </command>
  </send>
</default>

<default>
  <receive channel="channel-1">
    <command name="DWR">
    </command>
    <action>
      <store name="HbH" entity="HbH-id"></store>
      <store name="E2E" entity="EtE-id"></store>
    </action>
  </receive>

  <send channel="channel-1">
    <action>
      <restore name="HbH" entity="HbH-id"> </restore>
      <restore name="E2E" entity="EtE-id"> </restore>
    </action>
    <command name="DWA">
      <avp name="Result-Code" value="2001"> </avp>
      <avp name="Origin-Host" value="hss.open-ims.test"> </avp>
      <avp name="Origin-Realm" value="open-ims.test"> </avp>
    </command>
  </send>

</default>


</scenario>





