<!--

  This program is free software; you can redistribute it and/or modify
  it under the terms of the GNU General Public License as published by
  the Free Software Foundation; either version 2 of the License, or
  (at your option) any later version.

  This program is distributed in the hope that it will be useful,
  but WITHOUT ANY WARRANTY; without even the implied warranty of
  MERCHANTABILITY or FITNESS FOR A PARTICULAR PURPOSE.  See the
  GNU General Public License for more details.

  You should have received a copy of the GNU General Public License
  along with this program; if not, write to the Free Software
  Foundation, Inc., 59 Temple Place, Suite 330, Boston, MA  02111-1307  USA

 (c)Copyright 2006 Hewlett-Packard Development Company, LP.

-->

<?xml version="1.0" encoding="ISO-8859-1" ?>
<scenario>

<counter>
  <counterdef name="HbH-counter" init="1000"> </counterdef>
  <counterdef name="EtE-counter" init="2000"> </counterdef>
  <counterdef name="session-counter" init="0"> </counterdef>
</counter>

<init>
  <send channel="channel-1">
    <command name="CER">
      <avp name="Origin-Host" value="seagull.mydomain.com"> </avp>
      <avp name="Origin-Realm" value="ExampleRealm"> </avp>
      <avp name="Host-IP-Address" value="0x00017F000001"> </avp>
      <avp name="Vendor-Id" value="11"> </avp>
      <avp name="Product-Name" value="HP"> </avp>
      <avp name="Supported-Vendor-Id" value="10415"> </avp>
      <avp name="Vendor-Specific-Application-Id">
        <avp name="Vendor-Id" value="10415"></avp>
        <avp name="Auth-Application-Id" value="4"></avp>
      </avp>
      <avp name="Firmware-Revision" value="1030006"></avp>
    </command>
  </send>
  
  <receive channel="channel-1">
    <command name="CEA">
    </command>
  </receive>
</init>

<!-- Traffic -->
<traffic>
  <send channel="channel-1">
    <action>
      <!-- For each new call, increment the session-ID counter -->
      <inc-counter name="HbH-counter"> </inc-counter>
      <inc-counter name="EtE-counter"> </inc-counter>
      <inc-counter name="session-counter"> </inc-counter>
      <set-value name="HbH-id" 
                 format="$(HbH-counter)"></set-value>
      <set-value name="EtE-id" 
                 format="$(EtE-counter)"></set-value>
      <set-value name="Session-Id" 
                 format="seagull.mydomain.com;1096298391;$(session-counter)"></set-value>
    </action>
    <command name="CCR">
      <avp name="Session-Id" value="value_is_replaced"> </avp>
      <avp name="Origin-Host" value="seagull.mydomain.com"> </avp>
      <avp name="Origin-Realm" value="ExampleRealm"> </avp>
      <avp name="Destination-Realm" value="ExampleRealm"> </avp>
      <avp name="Vendor-Specific-Application-Id">
        <avp name="Vendor-Id" value="10415"></avp>
        <avp name="Auth-Application-Id" value="4"></avp>
      </avp>
      <avp name="Auth-Application-Id" value="4"></avp>
      <avp name="Service-Context-Id" value="32260@3gpp.org"> </avp>
      <avp name="CC-Request-Type" value="0x00000001"> </avp>
      <avp name="CC-Request-Number" value="0"> </avp>
    </command>
    <action>
      <start-timer></start-timer>
    </action>
  </send>
  
  <receive channel="channel-1">
    <action>
      <stop-timer></stop-timer>
    </action>
    <command name="CCA">
    </command>
  </receive>
</traffic>
  
</scenario>

