<!--

  This program is free software; you can redistribute it and/or modify
  it under the terms of the GNU General Public License as published by
  the Free Software Foundation; either version 2 of the License, or
  (at your option) any later version.

  This program is distributed in the hope that it will be useful,
  but WITHOUT ANY WARRANTY; without even the implied warranty of
  MERCHANTABILITY or FITNESS FOR A PARTICULAR PURPOSE.  See the
  GNU General Public License for more details.

  You should have received a copy of the GNU General Public License
  along with this program; if not, write to the Free Software
  Foundation, Inc., 59 Temple Place, Suite 330, Boston, MA  02111-1307  USA

 (c)Copyright 2006 Hewlett-Packard Development Company, LP.

-->

<?xml version="1.0" encoding="ISO-8859-1" ?>
<scenario>

<counter>
  <counterdef name="HbH-counter" init="0"> </counterdef>
  <counterdef name="EtE-counter" init="1"> </counterdef>
  <counterdef name="session-counter" init="0"> </counterdef>
</counter>

<init>
  <send channel="channel-1">
    <command name="CER">
      <avp name="Origin-Host" value="dstest.scscf.mnc001.mcc208.3gppnetwork.org"> </avp>
      <avp name="Origin-Realm" value="dstest.scscf.mnc001.mcc208.3gppnetwork.org"> </avp>
      <avp name="Host-IP-Address" value="0xad10610b"> </avp> <!-- IPV4 10.3.252.94-->
      <avp name="Vendor-Id" value="11"> </avp>
      <avp name="Product-Name" value="AK s-cscf cx Interface"> </avp>
      <avp name="Origin-State-Id" value="1661367365"> </avp>
      <avp name="Supported-Vendor-Id" value="10415"> </avp>
      <avp name="Auth-Application-Id" value="167772151"> </avp>
      <avp name="Acct-Application-Id" value="0"> </avp>
      <avp name="Vendor-Specific-Application-Id">
        <avp name="Vendor-Id" value="11"></avp>
        <avp name="Auth-Application-Id" value="167772151"></avp>
        <avp name="Acct-Application-Id" value="0"></avp>
      </avp>
      <avp name="Firmware-Revision" value="1"> </avp>
    </command>
  </send>
  
  <receive channel="channel-1">
    <command name="CEA">
    </command>
  </receive>
</init>

<!-- Traffic -->
<traffic>


    <send channel="channel-1">
      <action>
        <!-- For each request, increment the session-ID counter -->
        <inc-counter name="HbH-counter"></inc-counter>
        <inc-counter name="EtE-counter"></inc-counter>
        <inc-counter name="session-counter"></inc-counter>
        <set-value name="HbH-id" format="$(HbH-counter)"></set-value>
        <set-value name="EtE-id" format="$(EtE-counter)"></set-value>
        <set-value name="Session-Id" format="seagull;1096298391;$(session-counter)"></set-value>
      </action>
      <command name="UAR">
        <avp name="Session-Id" value="value_is_replaced"></avp>
        <avp name="Auth-Session-State" value="1"></avp>
        <avp name="Origin-Host" value="dstest.scscf.mnc001.mcc208.3gppnetwork.org"></avp>
        <avp name="Origin-Realm" value="scscf.mnc001.mcc208.3gppnetwork.org"></avp>
        <avp name="Destination-Host" value="hss.mnc001.mcc208.3gppnetwork.org"></avp>
        <avp name="Destination-Realm" value="scscf.mnc001.mcc208.3gppnetwork.org"></avp>
        <avp name="Public-Identity" value="sip:208016100650001@ims.mnc001.mcc208.3gppnetwork.org"> </avp>
        <avp name="User-Name" value="20801610650001"> </avp>
        <avp name="Visited-Network-Identifier" value="ims.mnc001.mcc208.3gppnetwork.org"> </avp>
        <avp name="User-Authorization-Type" value="0"> </avp>
      </command>
      <action>
        <start-timer></start-timer>
      </action>
    </send>

    <receive channel="channel-1">
      <action>
        <stop-timer></stop-timer>
      </action>
      <command name="UAA">
      </command>
    </receive>

</traffic>
<default>


  <send channel="channel-1">
    <action>
      <!-- For each new call, increment the session-ID counter -->
      <inc-counter name="HbH-counter"> </inc-counter>
      <inc-counter name="EtE-counter"> </inc-counter>
      <inc-counter name="session-counter"> </inc-counter>
      <set-value name="HbH-id" 
                 format="$(HbH-counter)"></set-value>
      <set-value name="EtE-id" 
                 format="$(EtE-counter)"></set-value>
      <set-value name="Session-Id" 
                 format=".;1096298391;$(session-counter)"></set-value>
    </action>
    <command name="MAR">
      <avp name="Session-Id" value="value_is_replaced"> </avp>
      <avp name="Vendor-Specific-Application-Id">
        <avp name="Vendor-Id" value="10415"></avp>
        <avp name="Auth-Application-Id" value="16777216"></avp>
        <avp name="Acct-Application-Id" value="0"></avp>
      </avp>
      <avp name="Auth-Session-State" value="1"> </avp>
      <avp name="Origin-Host" value="dstest.scscf.mnc001.mcc208.3gppnetwork.org"> </avp>
      <avp name="Origin-Realm" value="dstest.scscf.mnc001.mcc208.3gppnetwork.org"> </avp>
      <avp name="Destination-Realm" value="hss.mnc001.mcc208.3gppnetwork.org"> </avp>
      <avp name="Server-Name" value="seagull"> </avp>
      <avp name="Server-Assignment-Type" value="3"> </avp>
      <avp name="User-Data-Request-Type" value="0"> </avp>
      <avp name="Public-Identity" value="sip:208016100650001@ims.mnc001.mcc208.3gppnetwork.org"> </avp>
      <avp name="User-Name" value="20801610650001"> </avp>
      <avp name="Server-Name" value="sip:172.16.56.70:5060"> </avp>
<!--      <avp name="SIP-Number-Auth-Items" value="3"> </avp>  -->
    </command>
    <action>
      <start-timer></start-timer>
    </action>
  </send>
  
  <receive channel="channel-1">
    <action>
      <stop-timer></stop-timer>
    </action>
    <command name="MAA">
    </command>
  </receive>
</default>
  
</scenario>

