<!--

  This program is free software; you can redistribute it and/or modify
  it under the terms of the GNU General Public License as published by
  the Free Software Foundation; either version 2 of the License, or
  (at your option) any later version.

  This program is distributed in the hope that it will be useful,
  but WITHOUT ANY WARRANTY; without even the implied warranty of
  MERCHANTABILITY or FITNESS FOR A PARTICULAR PURPOSE.  See the
  GNU General Public License for more details.

  You should have received a copy of the GNU General Public License
  along with this program; if not, write to the Free Software
  Foundation, Inc., 59 Temple Place, Suite 330, Boston, MA  02111-1307  USA

 (c)Copyright 2006 Hewlett-Packard Development Company, LP.

-->

<?xml version="1.0" encoding="ISO-8859-1"?>
<configuration name="Simple IP Client Conf">

<!--
    cert_chain_file=xxx   : indicate the name of your certificate
    private_key_file=yyy  : indicate the name of your private key
    passwd=zzz            : this password protects the private key
    secure=no             : start traffic in no secure mode
-->

  <define entity="transport"
    name="trans-1"
    file="libtrans_iptls.so"
    create_function="create_ciptlsio_instance"
    delete_function="delete_ciptlsio_instance"
    init-args="method=SSLv23;cert_chain_file=xxx;private_key_file=yyy;passwd=zzz;secure=no">
  </define>

  <define entity="channel"
    name="channel-1"
    protocol="diameter-v1"
    transport="trans-1"
    open-args="mode=client;dest=127.0.0.1:3868">
  </define>

  <define entity="traffic-param" name="call-rate" value="1"></define>	
  <define entity="traffic-param" name="display-period" value="1"></define>
  <define entity="traffic-param" name="log-stat-period" value="1"></define>
  <define entity="traffic-param" name="log-stat-file" value="../logs/client-stat.csv"></define>
  <define entity="traffic-param" name="call-timeout-ms" value="10000"></define>
  <define entity="traffic-param" name="display-scenario-stat" value="true"></define>
  <define entity="traffic-param" name="display-protocol-stat" value="true"></define>
  <define entity="traffic-param" name="log-protocol-stat-period" value="5"></define>
  <define entity="traffic-param" name="log-protocol-stat-name" value="all"></define>
  <define entity="traffic-param" name="log-protocol-stat-file" value="../logs/client-protocol-stat.csv"></define>

<!--
  <define entity="traffic-param" name="data-log-period" value="10"></define>
  <define entity="traffic-param" name="data-log-number" value="1000"></define>
  <define entity="traffic-param" name="data-log-file" value="../logs/client-rtt.csv"></define>
  <define entity="traffic-param" name="data-log-rtdistrib" value="3000"></define>
-->

  <define entity="traffic-param" name="max-send" value="200"></define>
  <define entity="traffic-param" name="max-receive" value="200"></define>
  <define entity="traffic-param" name="max-simultaneous-calls" value="2000"></define>
  <define entity="traffic-param" name="select-timeout-ms" value="50"></define>

<!--
  <define entity="traffic-param" name="number-calls" value="5"></define>
-->


</configuration>
